avg_cyclomatic_complex,n_workers,time_taken
0.43597231235128675,1,26.974287
0.43597231235128675,2,16.693131
0.43597231235128675,3,13.031804
0.43597231235128675,4,12.082194
0.43597231235128675,5,11.226152
