avg_cyclomatic_complex,n_workers,time_taken
0.43597231235128675,5,62.078383
0.43597231235128675,1,51.457762
0.43597231235128675,2,29.27321
0.43597231235128675,3,26.069251
0.43597231235128675,4,20.295946
0.43597231235128675,4,20.846672
0.43597231235128675,5,18.493577
0.43597231235128675,5,21.001511
