avg_cyclomatic_complex,n_workers,time_taken
0.43597231235128675,5,19.832717
0.43597231235128675,4,21.783089
0.43597231235128675,3,25.021573
0.43597231235128675,2,36.15266
0.43597231235128675,1,55.261536
0,1,0.04737
