avg_cyclomatic_complex,n_workers,time_taken
0.43597231235128675,1,34.150393
0.43597231235128675,2,18.39375
0.43597231235128675,3,13.779016
0.43597231235128675,4,12.46716
0.43597231235128675,5,11.796839
