avg_cyclomatic_complex,n_workers,time_taken
0.43597231235128675,1,24.554608
0.43597231235128675,2,15.363786
0.43597231235128675,3,14.271087
0.43597231235128675,4,11.332524
0.43597231235128675,5,9.846696
