avg_cyclomatic_complex,n_workers,time_taken 
0.43597231235128675,1,53.341789
0.43597231235128675,2,30.209279
0.43597231235128675,3,23.478181
0.43597231235128675,4,20.156833
0.43597231235128675,5,19.07659
